[
    {
        "id": 4,
        "name": "Ноутбук Lenovo ThinkPad",
        "img": "https://itc.ua/wp-content/uploads/2023/04/Swift-X-16-SFX16-61G-05.png",
        "brand": "Lenovo",
        "price": 1199.99,
        "screenSize": 15.6,
        "processor": "Intel Core i5",
        "ram": 8,
        "storage": "512GB SSD",
        "category": "Ноутбуки"
    },
    {
        "id": 5,
        "name": "Ноутбук ASUS VivoBook",
        "img": "https://www.ixbt.com/img/x780x600/r30/00/02/40/53/cover.png",
        "brand": "ASUS",
        "price": 799.99,
        "screenSize": 14,
        "processor": "Intel Core i3",
        "ram": 4,
        "storage": "256GB SSD",
        "category": "Ноутбуки"
    },
    {
        "id": 6,
        "name": "Ноутбук Apple MacBook Air",
        "img": "https://images.pngnice.com/download/2112/Asus-Laptop-PNG-Picture.png",
        "brand": "Apple",
        "price": 1299.99,
        "screenSize": 13.3,
        "processor": "Apple M1",
        "ram": 8,
        "storage": "256GB SSD",
        "category": "Ноутбуки"
    },
    {
        "id": 7,
        "name": "Ноутбук MSI GS66 Stealth",
        "img": "https://purepng.com/public/uploads/large/purepng.com-laptop-notebooklaptopsnotebooknotebook-computerclamshell-1701528354566b8koi.png",
        "brand": "MSI",
        "price": 1699.99,
        "screenSize": 15.6,
        "processor": "Intel Core i9",
        "ram": 32,
        "storage": "1TB SSD",
        "category": "Ноутбуки"
    },
    {
        "id": 8,
        "name": "Ноутбук Razer Blade 15",
        "img": "https://www.freepnglogos.com/uploads/laptop-png/acer-aspire-laptop-review-decent-budget-laptop-37.png",
        "brand": "Razer",
        "price": 1999.99,
        "screenSize": 15.6,
        "processor": "Intel Core i7",
        "ram": 16,
        "storage": "1TB SSD",
        "category": "Ноутбуки"
    },
    {
        "id": 9,
        "name": "Ноутбук LG Gram 17",
        "img": "https://www.transparentpng.com/thumb/laptop/ZqXDam-laptops-png-images-notebook-png-image-laptop.png",
        "brand": "LG",
        "price": 1499.99,
        "screenSize": 17,
        "processor": "Intel Core i5",
        "ram": 8,
        "storage": "512GB SSD",
        "category": "Ноутбуки"
    },
    {
        "id": 10,
        "name": "Ноутбук Huawei MateBook X Pro",
        "img": "https://www.transparentpng.com/thumb/laptop/crp4gc-notebook-samsung.png",
        "brand": "Huawei",
        "price": 1299.99,
        "screenSize": 13.9,
        "processor": "Intel Core i7",
        "ram": 16,
        "storage": "512GB SSD",
        "category": "Ноутбуки"
    },
    {
        "id": 11,
        "name": "Ноутбук Microsoft Surface Laptop 4",
        "img": "https://www.freepnglogos.com/uploads/laptop-png/laptop-transparent-png-pictures-icons-and-png-40.png",
        "brand": "Microsoft",
        "price": 1399.99,
        "screenSize": 13.5,
        "processor": "Intel Core i5",
        "ram": 8,
        "storage": "256GB SSD",
        "category": "Ноутбуки"
    },
    {
        "id": 12,
        "name": "Ноутбук Google Pixelbook Go",
        "img": "https://mashtrelo.com/wp-content/uploads/2017/11/laptop-notebook-png-image-image-with-transparent-background.png",
        "brand": "Google",
        "price": 999.99,
        "screenSize": 13.3,
        "processor": "Intel Core i5",
        "ram": 8,
        "storage": "128GB SSD",
        "category": "Ноутбуки"
    },
    {
        "id": 13,
        "name": "Ноутбук Samsung Galaxy Book Flex",
        "img": "https://www.pngkey.com/png/full/15-153484_samsung-notebook-laptop-top-view-png.png",
        "brand": "Samsung",
        "price": 1199.99,
        "screenSize": 15.6,
        "processor": "Intel Core i7",
        "ram": 16,
        "storage": "512GB SSD",
        "category": "Ноутбуки"
    },
    {
        "id": 14,
        "name": "Ноутбук Xiaomi Mi Notebook Pro",
        "img": "https://purepng.com/public/uploads/thumbnail//purepng.com-laptop-notebooklaptopsnotebooknotebook-computerclamshell-1701528354998cghog.png",
        "brand": "Xiaomi",
        "price": 899.99,
        "screenSize": 15.6,
        "processor": "Intel Core i5",
        "ram": 8,
        "storage": "256GB SSD",
        "category": "Ноутбуки"
    },
    {
        "id": 15,
        "name": "Ноутбук Sony VAIO S",
        "img": "https://toppng.com/uploads/thumbnail/samsung-laptop-png-11552846987tthnsqbbua.png",
        "brand": "Sony",
        "price": 1099.99,
        "screenSize": 13.3,
        "processor": "Intel Core i7",
        "ram": 16,
        "storage": "512GB SSD",
        "category": "Ноутбуки"
    },
    {
        "id": 16,
        "name": "Ноутбук ASUS ROG Zephyrus G14",
        "img": "https://www.freepnglogos.com/uploads/laptop-png/download-asus-laptop-transparent-png-image-pngimg-35.png",
        "brand": "ASUS",
        "price": 1499.99,
        "screenSize": 14,
        "processor": "AMD Ryzen 9",
        "ram": 32,
        "storage": "1TB SSD",
        "category": "Ноутбуки"
    }
]